<?xml version="1.0" encoding="UTF-8"?>
<project-private xmlns="http://www.netbeans.org/ns/project-private/1">
    <editor-bookmarks xmlns="http://www.netbeans.org/ns/editor-bookmarks/2" lastBookmarkId="0"/>
    <open-files xmlns="http://www.netbeans.org/ns/projectui-open-files/2">
        <group>
            <file>file:/C:/Users/HP/Documents/GateForum/My%20Study/Projects/Quiz-Application-Using-Java-master/Quiz-Application-Using-Java-master/src/simple/minds/Rules.java</file>
            <file>file:/C:/Users/HP/Documents/GateForum/My%20Study/Projects/Quiz-Application-Using-Java-master/Quiz-Application-Using-Java-master/src/simple/minds/Quiz.java</file>
            <file>file:/C:/Users/HP/Documents/GateForum/My%20Study/Projects/Quiz-Application-Using-Java-master/Quiz-Application-Using-Java-master/src/simple/minds/Score.java</file>
        </group>
    </open-files>
</project-private>
